Index Entry,Function Name,Address
0,_ZN3hal7stm32f116configure_clocksENS0_10clock_treeE,0x80000c0
1,_ZN2ke12unwind_frameERKNS_14instructions_tERNS_12cortex_m_cpuE,0x8000670
2,_ZZN2ke12unwind_frameERKNS_14instructions_tERNS_12cortex_m_cpuEE10jump_table,0x8000b78
3,__gnu_unwind_execute,0x8000f78
4,_Unwind_VRS_Pop,0x800124c
5,__gnu_unwind_pr_common,0x80014ec
6,_ZN2ke15raise_exceptionERNS_16exception_objectE,0x8001784
7,__aeabi_frsub,0x8001908
8,__aeabi_fmul,0x8001a74
9,__mulsf3,0x8001bdc
10,__aeabi_fsub,0x8001d44
11,__subsf3,0x8001ea8
12,__addsf3,0x800200c
13,__aeabi_fadd,0x800216c
14,__aeabi_fdiv,0x80022cc
15,__divsf3,0x8002404
16,_Z11applicationR13resource_list,0x800253c
17,unwind_phase2_forced,0x8002628
18,_ZN3hal7stm32f19frequencyENS0_10peripheralE,0x8002708
19,__malloc_malloc,0x80027d4
20,aligned_alloc,0x800286c
21,malloc,0x8002904
22,memalign,0x800299c
23,get_eit_entry,0x8002a34
24,__aeabi_ul2f,0x8002ac8
25,__floatundisf,0x8002b54
26,_ZNK10__cxxabiv120__si_class_type_info12__do_dyncastEiNS_17__class_type_info10__sub_kindEPKS1_PKvS4_S6_RNS1_16__dyncast_resultE,0x8002be0
27,__gnu_Unwind_Backtrace,0x8002c64
28,__aeabi_l2f,0x8002ce4
29,__floatdisf,0x8002d60
30,__malloc_free,0x8002ddc
31,cfree,0x8002e50
32,free,0x8002ec4
33,__gesf2,0x8002f38
34,__gtsf2,0x8002fa8
35,_Z14funct_group6_9v,0x8003018
36,__gnu_Unwind_RaiseException,0x8003084
37,__lesf2,0x80030ec
38,__ltsf2,0x8003154
39,_Z14funct_group0_5v,0x80031bc
40,_Z14funct_group5_5v,0x8003220
41,_Z15funct_group1_11v,0x8003284
42,_Z15funct_group2_23v,0x80032e8
43,_Z15funct_group3_47v,0x800334c
44,_Z15funct_group4_95v,0x80033b0
45,_Z15funct_group6_11v,0x8003414
46,search_EIT_table,0x8003478
47,_Z19initialize_platformv,0x80034dc
48,__cmpsf2,0x800353c
49,__eqsf2,0x800359c
50,__nesf2,0x80035fc
51,raise,0x800365c
52,restore_non_core_regs,0x80036b8
53,__libc_init_array,0x8003710
54,_Z14funct_group0_4v,0x8003760
55,_ZnwjSt11align_val_t,0x80037ac
56,_on_exit,0x80037f8
57,__malloc_sbrk_aligned,0x8003844
58,__wrap___cxa_throw,0x800388c
59,_GLOBAL__sub_I__ZNSt3pmr15memory_resourceD2Ev,0x80038d4
60,_ZNK10__cxxabiv117__class_type_info12__do_dyncastEiNS0_10__sub_kindEPKS0_PKvS3_S5_RNS0_16__dyncast_resultE,0x8003918
61,__gnu_Unwind_Resume,0x800395c
62,__malloc_grow_chunk,0x800399c
63,__wrap___cxa_rethrow,0x80039dc
64,sbrk,0x8003a1c
65,_Z14funct_group0_0v,0x8003a5c
66,_Z14funct_group0_1v,0x8003a98
67,_Z14funct_group0_2v,0x8003ad4
68,_Z14funct_group0_3v,0x8003b10
69,_Z14funct_group1_0v,0x8003b4c
70,_Z14funct_group1_1v,0x8003b88
71,_Z14funct_group1_2v,0x8003bc4
72,_Z14funct_group1_3v,0x8003c00
73,_Z14funct_group1_4v,0x8003c3c
74,_Z14funct_group1_5v,0x8003c78
75,_Z14funct_group1_6v,0x8003cb4
76,_Z14funct_group1_7v,0x8003cf0
77,_Z14funct_group1_8v,0x8003d2c
78,_Z14funct_group1_9v,0x8003d68
79,_Z14funct_group2_0v,0x8003da4
80,_Z14funct_group2_1v,0x8003de0
81,_Z14funct_group2_2v,0x8003e1c
82,_Z14funct_group2_3v,0x8003e58
83,_Z14funct_group2_4v,0x8003e94
84,_Z14funct_group2_5v,0x8003ed0
85,_Z14funct_group2_6v,0x8003f0c
86,_Z14funct_group2_7v,0x8003f48
87,_Z14funct_group2_8v,0x8003f84
88,_Z14funct_group2_9v,0x8003fc0
89,_Z14funct_group3_0v,0x8003ffc
90,_Z14funct_group3_1v,0x8004038
91,_Z14funct_group3_2v,0x8004074
92,_Z14funct_group3_3v,0x80040b0
93,_Z14funct_group3_4v,0x80040ec
94,_Z14funct_group3_5v,0x8004128
95,_Z14funct_group3_6v,0x8004164
96,_Z14funct_group3_7v,0x80041a0
97,_Z14funct_group3_8v,0x80041dc
98,_Z14funct_group3_9v,0x8004218
99,_Z14funct_group4_0v,0x8004254
100,_Z14funct_group4_1v,0x8004290
101,_Z14funct_group4_2v,0x80042cc
102,_Z14funct_group4_3v,0x8004308
103,_Z14funct_group4_4v,0x8004344
104,_Z14funct_group4_5v,0x8004380
105,_Z14funct_group4_6v,0x80043bc
106,_Z14funct_group4_7v,0x80043f8
107,_Z14funct_group4_8v,0x8004434
108,_Z14funct_group4_9v,0x8004470
109,_Z14funct_group5_0v,0x80044ac
110,_Z14funct_group5_1v,0x80044e8
111,_Z14funct_group5_2v,0x8004524
112,_Z14funct_group5_3v,0x8004560
113,_Z14funct_group5_4v,0x800459c
114,_Z14funct_group6_0v,0x80045d8
115,_Z14funct_group6_1v,0x8004614
116,_Z14funct_group6_2v,0x8004650
117,_Z14funct_group6_3v,0x800468c
118,_Z14funct_group6_4v,0x80046c8
119,_Z14funct_group6_5v,0x8004704
120,_Z14funct_group6_6v,0x8004740
121,_Z14funct_group6_7v,0x800477c
122,_Z14funct_group6_8v,0x80047b8
123,_Z15funct_group1_10v,0x80047f4
124,_Z15funct_group2_10v,0x8004830
125,_Z15funct_group2_11v,0x800486c
126,_Z15funct_group2_12v,0x80048a8
127,_Z15funct_group2_13v,0x80048e4
128,_Z15funct_group2_14v,0x8004920
129,_Z15funct_group2_15v,0x800495c
130,_Z15funct_group2_16v,0x8004998
131,_Z15funct_group2_17v,0x80049d4
132,_Z15funct_group2_18v,0x8004a10
133,_Z15funct_group2_19v,0x8004a4c
134,_Z15funct_group2_20v,0x8004a88
135,_Z15funct_group2_21v,0x8004ac4
136,_Z15funct_group2_22v,0x8004b00
137,_Z15funct_group3_10v,0x8004b3c
138,_Z15funct_group3_11v,0x8004b78
139,_Z15funct_group3_12v,0x8004bb4
140,_Z15funct_group3_13v,0x8004bf0
141,_Z15funct_group3_14v,0x8004c2c
142,_Z15funct_group3_15v,0x8004c68
143,_Z15funct_group3_16v,0x8004ca4
144,_Z15funct_group3_17v,0x8004ce0
145,_Z15funct_group3_18v,0x8004d1c
146,_Z15funct_group3_19v,0x8004d58
147,_Z15funct_group3_20v,0x8004d94
148,_Z15funct_group3_21v,0x8004dd0
149,_Z15funct_group3_22v,0x8004e0c
150,_Z15funct_group3_23v,0x8004e48
151,_Z15funct_group3_24v,0x8004e84
152,_Z15funct_group3_25v,0x8004ec0
153,_Z15funct_group3_26v,0x8004efc
154,_Z15funct_group3_27v,0x8004f38
155,_Z15funct_group3_28v,0x8004f74
156,_Z15funct_group3_29v,0x8004fb0
157,_Z15funct_group3_30v,0x8004fec
158,_Z15funct_group3_31v,0x8005028
159,_Z15funct_group3_32v,0x8005064
160,_Z15funct_group3_33v,0x80050a0
161,_Z15funct_group3_34v,0x80050dc
162,_Z15funct_group3_35v,0x8005118
163,_Z15funct_group3_36v,0x8005154
164,_Z15funct_group3_37v,0x8005190
165,_Z15funct_group3_38v,0x80051cc
166,_Z15funct_group3_39v,0x8005208
167,_Z15funct_group3_40v,0x8005244
168,_Z15funct_group3_41v,0x8005280
169,_Z15funct_group3_42v,0x80052bc
170,_Z15funct_group3_43v,0x80052f8
171,_Z15funct_group3_44v,0x8005334
172,_Z15funct_group3_45v,0x8005370
173,_Z15funct_group3_46v,0x80053ac
174,_Z15funct_group4_10v,0x80053e8
175,_Z15funct_group4_11v,0x8005424
176,_Z15funct_group4_12v,0x8005460
177,_Z15funct_group4_13v,0x800549c
178,_Z15funct_group4_14v,0x80054d8
179,_Z15funct_group4_15v,0x8005514
180,_Z15funct_group4_16v,0x8005550
181,_Z15funct_group4_17v,0x800558c
182,_Z15funct_group4_18v,0x80055c8
183,_Z15funct_group4_19v,0x8005604
184,_Z15funct_group4_20v,0x8005640
185,_Z15funct_group4_21v,0x800567c
186,_Z15funct_group4_22v,0x80056b8
187,_Z15funct_group4_23v,0x80056f4
188,_Z15funct_group4_24v,0x8005730
189,_Z15funct_group4_25v,0x800576c
190,_Z15funct_group4_26v,0x80057a8
191,_Z15funct_group4_27v,0x80057e4
192,_Z15funct_group4_28v,0x8005820
193,_Z15funct_group4_29v,0x800585c
194,_Z15funct_group4_30v,0x8005898
195,_Z15funct_group4_31v,0x80058d4
196,_Z15funct_group4_32v,0x8005910
197,_Z15funct_group4_33v,0x800594c
198,_Z15funct_group4_34v,0x8005988
199,_Z15funct_group4_35v,0x80059c4
200,_Z15funct_group4_36v,0x8005a00
201,_Z15funct_group4_37v,0x8005a3c
202,_Z15funct_group4_38v,0x8005a78
203,_Z15funct_group4_39v,0x8005ab4
204,_Z15funct_group4_40v,0x8005af0
205,_Z15funct_group4_41v,0x8005b2c
206,_Z15funct_group4_42v,0x8005b68
207,_Z15funct_group4_43v,0x8005ba4
208,_Z15funct_group4_44v,0x8005be0
209,_Z15funct_group4_45v,0x8005c1c
210,_Z15funct_group4_46v,0x8005c58
211,_Z15funct_group4_47v,0x8005c94
212,_Z15funct_group4_48v,0x8005cd0
213,_Z15funct_group4_49v,0x8005d0c
214,_Z15funct_group4_50v,0x8005d48
215,_Z15funct_group4_51v,0x8005d84
216,_Z15funct_group4_52v,0x8005dc0
217,_Z15funct_group4_53v,0x8005dfc
218,_Z15funct_group4_54v,0x8005e38
219,_Z15funct_group4_55v,0x8005e74
220,_Z15funct_group4_56v,0x8005eb0
221,_Z15funct_group4_57v,0x8005eec
222,_Z15funct_group4_58v,0x8005f28
223,_Z15funct_group4_59v,0x8005f64
224,_Z15funct_group4_60v,0x8005fa0
225,_Z15funct_group4_61v,0x8005fdc
226,_Z15funct_group4_62v,0x8006018
227,_Z15funct_group4_63v,0x8006054
228,_Z15funct_group4_64v,0x8006090
229,_Z15funct_group4_65v,0x80060cc
230,_Z15funct_group4_66v,0x8006108
231,_Z15funct_group4_67v,0x8006144
232,_Z15funct_group4_68v,0x8006180
233,_Z15funct_group4_69v,0x80061bc
234,_Z15funct_group4_70v,0x80061f8
235,_Z15funct_group4_71v,0x8006234
236,_Z15funct_group4_72v,0x8006270
237,_Z15funct_group4_73v,0x80062ac
238,_Z15funct_group4_74v,0x80062e8
239,_Z15funct_group4_75v,0x8006324
240,_Z15funct_group4_76v,0x8006360
241,_Z15funct_group4_77v,0x800639c
242,_Z15funct_group4_78v,0x80063d8
243,_Z15funct_group4_79v,0x8006414
244,_Z15funct_group4_80v,0x8006450
245,_Z15funct_group4_81v,0x800648c
246,_Z15funct_group4_82v,0x80064c8
247,_Z15funct_group4_83v,0x8006504
248,_Z15funct_group4_84v,0x8006540
249,_Z15funct_group4_85v,0x800657c
250,_Z15funct_group4_86v,0x80065b8
251,_Z15funct_group4_87v,0x80065f4
252,_Z15funct_group4_88v,0x8006630
253,_Z15funct_group4_89v,0x800666c
254,_Z15funct_group4_90v,0x80066a8
255,_Z15funct_group4_91v,0x80066e4
256,_Z15funct_group4_92v,0x8006720
257,_Z15funct_group4_93v,0x800675c
258,_Z15funct_group4_94v,0x8006798
259,_Z15funct_group6_10v,0x80067d4
260,_ZN3hal8cortex_m11dwt_counterC1Ef,0x8006810
261,_ZN3hal8cortex_m11dwt_counterC2Ef,0x800684c
262,unwind_phase2,0x8006888
263,_ZNK10__cxxabiv120__si_class_type_info20__do_find_public_srcEiPKvPKNS_17__class_type_infoES2_,0x80068c4
264,__cxa_guard_acquire,0x8006900
265,_start,0x8006938
266,next_unwind_byte,0x8006970
267,_ZNK10__cxxabiv117__class_type_info11__do_upcastEPKS0_PPv,0x80069a8
268,_Unwind_VRS_Get,0x80069dc
269,_Unwind_VRS_Set,0x8006a0c
270,_Z41__static_initialization_and_destruction_0ii,0x8006a3c
271,_ZNKSt9type_info7__equalERKS_,0x8006a68
272,_ZNKSt9type_infoeqERKS_,0x8006a94
273,_ZTVN10__cxxabiv117__class_type_infoE,0x8006ac0
274,_ZTVN10__cxxabiv120__si_class_type_infoE,0x8006aec
275,_ZN2ke15get_index_entryEm,0x8006b18
276,_ZNK10__cxxabiv117__class_type_info10__do_catchEPKSt9type_infoPPvj,0x8006b44
277,_ZNK10__cxxabiv120__si_class_type_info11__do_upcastEPKNS_17__class_type_infoEPKvRNS1_15__upcast_resultE,0x8006b70
278,_ZN3hal7stm32f139maximum_speed_using_internal_oscillatorEv,0x8006b9c
279,__gnu_unwind_get_pr_addr,0x8006bc4
280,__popcountsi2,0x8006bec
281,_ZTSNSt3pmr12_GLOBAL__N_112newdel_res_tE,0x8006c14
282,_ZTSN10__cxxabiv120__si_class_type_infoE,0x8006c3c
283,_ZTSNSt3pmr12_GLOBAL__N_110null_res_tE,0x8006c64
284,__aeabi_ui2f,0x8006c88
285,__floatunsisf,0x8006cac
286,__wrap___cxa_free_exception,0x8006cd0
287,_ZTSN9__gnu_cxx20recursive_init_errorE,0x8006cf4
288,_Unwind_Backtrace,0x8006d18
289,_Unwind_ForcedUnwind,0x8006d3c
290,_Unwind_RaiseException,0x8006d60
291,_Unwind_Resume,0x8006d84
292,_Unwind_Resume_or_Rethrow,0x8006da8
293,_ZTSN10__cxxabiv117__class_type_infoE,0x8006dcc
294,___Unwind_Backtrace,0x8006df0
295,___Unwind_ForcedUnwind,0x8006e14
296,___Unwind_RaiseException,0x8006e38
297,___Unwind_Resume,0x8006e5c
298,___Unwind_Resume_or_Rethrow,0x8006e80
299,main,0x8006ea4
300,_ZN3hal8cortex_m11dwt_counter13driver_uptimeEv,0x8006ec8
301,_ZSt17__throw_bad_allocv,0x8006ee8
302,__wrap___cxa_end_catch,0x8006f08
303,_ZN10__cxxabiv117__class_type_infoD0Ev,0x8006f28
304,_ZN10__cxxabiv120__si_class_type_infoD0Ev,0x8006f44
305,_ZN9__gnu_cxx20recursive_init_errorD0Ev,0x8006f60
306,_ZNSt9bad_allocD0Ev,0x8006f7c
307,_ZTVNSt3pmr12_GLOBAL__N_110null_res_tE,0x8006f98
308,_ZTVNSt3pmr12_GLOBAL__N_112newdel_res_tE,0x8006fb4
309,__aeabi_i2f,0x8006fd0
310,__aeabi_memcpy,0x8006fec
311,__aeabi_memcpy4,0x8007008
312,__aeabi_memcpy8,0x8007024
313,__floatsisf,0x8007040
314,memcpy,0x800705c
315,_Unwind_GetGR,0x8007078
316,_ZNK10__cxxabiv117__class_type_info11__do_upcastEPKS0_PKvRNS0_15__upcast_resultE,0x8007094
317,_ZTSNSt3pmr15memory_resourceE,0x80070b0
318,_GLOBAL__sub_I___cxa_get_globals_fast,0x80070cc
319,_Unwind_SetGR,0x80070e4
320,_ZN2ke23get_arm_exception_indexEv,0x80070fc
321,_ZTVN3hal8cortex_m11dwt_counterE,0x8007114
322,__aeabi_cfrcmple,0x800712c
323,__restore_core_regs,0x8007144
324,__wrap___cxa_end_cleanup,0x800715c
325,restore_core_regs,0x8007174
326,__gnu_Unwind_ForcedUnwind,0x800718c
327,__gnu_Unwind_Resume_or_Rethrow,0x80071a4
328,__wrap___cxa_allocate_exception,0x80071bc
329,_ZN10__cxxabiv117__class_type_infoD1Ev,0x80071d4
330,_ZN10__cxxabiv117__class_type_infoD2Ev,0x80071e8
331,_ZN10__cxxabiv120__si_class_type_infoD1Ev,0x80071fc
332,_ZN10__cxxabiv120__si_class_type_infoD2Ev,0x8007210
333,_ZN3hal13set_terminateEPFvvE,0x8007224
334,_ZN9__gnu_cxx20recursive_init_errorD1Ev,0x8007238
335,_ZN9__gnu_cxx20recursive_init_errorD2Ev,0x800724c
336,_ZNSt9bad_allocD1Ev,0x8007260
337,_ZNSt9bad_allocD2Ev,0x8007274
338,_ZSt9terminatev,0x8007288
339,_ZTVN9__gnu_cxx20recursive_init_errorE,0x800729c
340,_ZTVSt9bad_alloc,0x80072b0
341,strcmp,0x80072c4
342,__aeabi_fcmpeq,0x80072d8
343,__aeabi_fcmpge,0x80072ec
344,__aeabi_fcmpgt,0x8007300
345,__aeabi_fcmple,0x8007314
346,__aeabi_fcmplt,0x8007328
347,selfrel_offset31,0x800733c
348,_ZN10__cxxabiv111__terminateEPFvvE,0x8007350
349,_ZSt15get_new_handlerv,0x8007360
350,__aeabi_cfcmpeq,0x8007370
351,__aeabi_cfcmple,0x8007380
352,memset,0x8007390
353,_GLOBAL__sub_I__ZN10__cxxabiv119__terminate_handlerE,0x80073a0
354,_ZNSt3pmr12_GLOBAL__N_110null_res_tD0Ev,0x80073b0
355,_ZNSt3pmr12_GLOBAL__N_112newdel_res_tD0Ev,0x80073c0
356,_ZNSt9exceptionD0Ev,0x80073d0
357,abort,0x80073e0
358,_ZTSSt9bad_alloc,0x80073f0
359,_ZTSSt9exception,0x8007400
360,_ZTSSt9type_info,0x8007410
361,_ZN2ke17current_exceptionEv,0x8007420
362,_ZN3hal13get_terminateEv,0x800742c
363,_ZN3hal23get_exception_allocatorEv,0x8007438
364,_ZN3hal23set_exception_allocatorEPNSt3pmr15memory_resourceE,0x8007444
365,_ZN9__gnu_cxx20recursive_init_errorC1Ev,0x8007450
366,_ZN9__gnu_cxx20recursive_init_errorC2Ev,0x800745c
367,_ZNK10__cxxabiv117__class_type_info20__do_find_public_srcEiPKvPKS0_S2_,0x8007468
368,_ZTIN10__cxxabiv117__class_type_infoE,0x8007474
369,_ZTIN10__cxxabiv120__si_class_type_infoE,0x8007480
370,_ZTIN9__gnu_cxx20recursive_init_errorE,0x800748c
371,_ZTINSt3pmr12_GLOBAL__N_110null_res_tE,0x8007498
372,_ZTINSt3pmr12_GLOBAL__N_112newdel_res_tE,0x80074a4
373,_ZTISt9bad_alloc,0x80074b0
374,_Unwind_decode_typeinfo_ptr.constprop.0,0x80074bc
375,_ZNKSt3pmr12_GLOBAL__N_110null_res_t11do_is_equalERKNS_15memory_resourceE,0x80074c8
376,_ZNKSt3pmr12_GLOBAL__N_112newdel_res_t11do_is_equalERKNS_15memory_resourceE,0x80074d4
377,_ZNSt3pmr12_GLOBAL__N_112newdel_res_t13do_deallocateEPvjj,0x80074e0
378,__aeabi_atexit,0x80074ec
379,__cxa_atexit,0x80074f8
380,_ZGTtNKSt9exception4whatEv,0x8007504
381,_ZNKSt9bad_alloc4whatEv,0x800750c
382,_ZNKSt9exception4whatEv,0x8007514
383,_ZNSt3pmr12_GLOBAL__N_112newdel_res_t11do_allocateEjj,0x800751c
384,_ZTINSt3pmr15memory_resourceE,0x8007524
385,_ZTISt9exception,0x800752c
386,_ZTISt9type_info,0x8007534
387,_ZNSt3pmr12_GLOBAL__N_110null_res_t11do_allocateEjj,0x800753c
388,_ZdlPvjSt11align_val_t,0x8007544
389,__aeabi_unwind_cpp_pr0,0x800754c
390,__cxa_guard_abort,0x8007554
391,__cxa_guard_release,0x800755c
392,__wrap___cxa_call_unexpected,0x8007564
393,_exit,0x800756c
394,_ZN3hal8cortex_m11dwt_counter16driver_frequencyEv,0x8007574
395,_ZN3hal8cortex_m11dwt_counter22register_cpu_frequencyEf,0x8007578
396,_ZNKSt9type_info14__is_pointer_pEv,0x800757c
397,_ZNKSt9type_info15__is_function_pEv,0x8007580
398,_ZdlPv,0x8007584
399,_ZdlPvSt11align_val_t,0x8007588
400,_ZdlPvj,0x800758c
401,__wrap___cxa_begin_catch,0x8007590
402,_Unwind_DebugHook,0x8007594
403,_Z17terminate_handlerv,0x8007598
404,_ZN12_GLOBAL__N_113constant_initD1Ev,0x800759c
405,_ZN12_GLOBAL__N_113constant_initD2Ev,0x80075a0
406,_ZN2ke6get_luEPv,0x80075a4
407,_ZN2ke8get_su16EPv,0x80075a8
408,_ZNSt3pmr12_GLOBAL__N_110null_res_t13do_deallocateEPvjj,0x80075ac
409,_ZNSt3pmr12_GLOBAL__N_110null_res_tD1Ev,0x80075b0
410,_ZNSt3pmr12_GLOBAL__N_110null_res_tD2Ev,0x80075b4
411,_ZNSt3pmr12_GLOBAL__N_112newdel_res_tD1Ev,0x80075b8
412,_ZNSt3pmr12_GLOBAL__N_112newdel_res_tD2Ev,0x80075bc
413,_ZNSt3pmr12_GLOBAL__N_113constant_initINS0_10null_res_tEED1Ev,0x80075c0
414,_ZNSt3pmr12_GLOBAL__N_113constant_initINS0_10null_res_tEED2Ev,0x80075c4
415,_ZNSt3pmr12_GLOBAL__N_113constant_initINS0_12newdel_res_tEED1Ev,0x80075c8
416,_ZNSt3pmr12_GLOBAL__N_113constant_initINS0_12newdel_res_tEED2Ev,0x80075cc
417,_ZNSt3pmr12_GLOBAL__N_113constant_initISt6atomicIPNS_15memory_resourceEEED1Ev,0x80075d0
418,_ZNSt3pmr12_GLOBAL__N_113constant_initISt6atomicIPNS_15memory_resourceEEED2Ev,0x80075d4
419,_ZNSt3pmr15memory_resourceD1Ev,0x80075d8
420,_ZNSt3pmr15memory_resourceD2Ev,0x80075dc
421,_ZNSt9exceptionD1Ev,0x80075e0
422,_ZNSt9exceptionD2Ev,0x80075e4
423,_ZNSt9type_infoD1Ev,0x80075e8
424,_ZNSt9type_infoD2Ev,0x80075ec
425,__retarget_lock_acquire_recursive,0x80075f0
426,__retarget_lock_release_recursive,0x80075f4
427,__wrap___aeabi_unwind_cpp_pr0,0x80075f8
428,__wrap___gnu_unwind_pr_common,0x80075fc
429,__wrap___gxx_personality_v0,0x8007600
430,__wrap__sig_func,0x8007604
431,__wrap_deregister_tm_clones,0x8007608
432,__wrap_register_tm_clones,0x800760c
433,arm_halt_isr,0x8007610
434,arm_ignore_isr,0x8007614
435,__do_global_dtors_aux,0x8007618
436,__do_global_dtors_aux_fini_array_entry,0x8007618
437,__frame_dummy_init_array_entry,0x8007618
438,__gnu_Unwind_Restore_VFP,0x8007618
439,__gnu_Unwind_Restore_VFP_D,0x8007618
440,__gnu_Unwind_Restore_VFP_D_16_to_31,0x8007618
441,__gnu_Unwind_Restore_WMMXC,0x8007618
442,__gnu_Unwind_Restore_WMMXD,0x8007618
443,__gnu_Unwind_Save_VFP,0x8007618
444,__gnu_Unwind_Save_VFP_D,0x8007618
445,__gnu_Unwind_Save_VFP_D_16_to_31,0x8007618
446,__gnu_Unwind_Save_WMMXC,0x8007618
447,__gnu_Unwind_Save_WMMXD,0x8007618
448,__init_array_end,0x8007618
449,__init_array_start,0x8007618
450,__preinit_array_end,0x8007618
451,__preinit_array_start,0x8007618
452,__text_end,0x8007618
453,deregister_tm_clones,0x8007618
454,frame_dummy,0x8007618
455,register_tm_clones,0x8007618
